{
  "tg_token": "5857979536:AAEiX2pu-qSovy8a771FPY8sdlMDcf5tuoI",
  "admin_id": 123123123,
  "gigachat": {
    "client_id": "c35e602f-898e-486d-a38e-e36cde538a53",
    "client_secret": "86d175fe-bce7-4c10-909c-4879a1c45488"
  },
  "chatgpt_api_key": "sk-2E1Kl4XPiwaO3N492DSDCnFIlBkUP67Z",
  "cost": 100,
  "yookassa": {
    "shop_id": 967555,
    "secret_key": "live_1h2lmihCH2I_VME4K4VpqlTmZXfQWQLoE3L0Z4WZkrE"
  },
  "bot_username": "barsic_telegram_bot",
  "custom_botapi": {
    "enabled": false,
    "api_base": "http://localhost:8081",
    "is_local": true
  },
  "proxies": [{
    "proxy_type": "socks5",
    "host": "45.134.183.205",
    "port": 3001,
    "login": "hHO4LF",
    "password": "d0SgoW0QiZ"
  }]
}